country,Country,PC1,PC2,PC3,PC4,PC5,PC6,PC7,NY.GDP.MKTP.PP.KD
ABW,Aruba,0.00581144321626671,1.556354321083573,-0.5738427619613793,-1.4068754869706357,-0.5057328673379496,0.7280189217030215,-0.12918943633817753,Low
AFG,Afghanistan,-1.7526348165894308,-3.0367445889785123,0.0669356025603835,-0.04778362011533661,0.5039138257559456,0.874428968714167,0.5923547923719872,Medium
AGO,Angola,-1.393439206607848,-2.251193831247786,0.17517639607209987,0.5968679764916862,-0.34557342150070075,-0.7038683199447888,-1.2757102051872893,Medium-High
ALB,Albania,0.2924338976809277,2.043065161441919,-0.6403545183603381,-1.735211173596309,0.821578898457724,-0.1716824505575934,0.9259476216390552,Medium-Low
AND,Andorra,0.7920924759646799,3.3180449766734905,0.022572247553876264,1.383240311645435,-0.5339677494475689,0.3550672998424794,-0.15699295375746428,Low
ARE,United Arab Emirates,1.0382645525903142,2.5849059334574966,1.3677723548990963,6.752915070182137,2.6022195100121897,0.02640575617265625,0.4686181274108415,High
ARG,Argentina,1.1092855398342631,1.9480017244170367,-0.2215183491565337,-0.36821621855717007,-0.008639417660673814,-0.7842860647458627,-0.5377648345782517,High
ARM,Armenia,0.1023949653014249,1.7719163178249853,-0.597453467916776,-1.7953269811537653,-0.7422555046695856,0.4291430614350109,0.07474112555772731,Medium
ATG,Antigua and Barbuda,-0.30143214712109634,0.9251038462413992,-0.5284631451282846,-1.256537859331838,-0.645668019522157,1.7244606192988927,2.017551472907465,Low
AUS,Australia,1.7373659259280483,2.4952558140609935,-0.03112716147692448,1.4762514438621732,-1.506554486798583,0.4151530002540479,-0.9294463200076313,High
AUT,Austria,0.8056407081491459,2.4475943599346195,-0.2781809854379926,0.14241394712897568,-0.6388370953018512,0.8355585513222283,-0.06254809055068308,Medium-High
AZE,Azerbaijan,-0.03273021940599617,1.1646705082335078,-0.3904190119435326,-1.013554304493853,0.1918493130315326,0.4781863572521174,0.30925661472041177,Medium-High
BDI,Burundi,-3.058641041214681,-4.870623832244352,0.296650364967126,1.0212768383281419,-0.5541061836285016,0.30149024406677166,-0.38559845461550457,Medium-Low
BEL,Belgium,1.0262611176334364,2.9259962627995955,-0.22858892557100563,0.2384383394160095,-0.617712233037669,0.343644489713099,-0.8007611470954349,High
BEN,Benin,-2.487348016340086,-3.7455171286140843,0.08881896266296939,0.5739778477894553,-0.10430453761934874,-0.9933119333612533,-0.759968985148046,Medium
BFA,Burkina Faso,-2.486909906895656,-4.054775675994521,0.03273568001139802,0.11076351582472133,0.0854543875584807,0.2119448979802555,0.035378567556618695,Medium
BGD,Bangladesh,0.46954704809048275,-2.5688010498700327,-0.19611529636414016,-0.33619240120881344,0.12108080375828889,1.3739982172362435,0.4627404561075376,High
BGR,Bulgaria,0.14476477226474146,1.667434677563249,-0.48358899345450257,-1.267048374718566,-0.027327443829000236,-0.3992222640171604,0.08680361973603803,Medium-High
BHR,Bahrain,0.6279787769227646,2.8896542059367336,1.1631388864491097,5.491274114327451,2.6031663140217454,-1.0910395855940158,0.3687680808620015,Medium
BHS,"Bahamas, The",0.030996464216462023,1.7650533778321553,-0.36726220731151676,-0.7907969938899643,-0.6817302389095793,-0.03580169679063774,-0.41858213570705677,Medium-Low
BIH,Bosnia and Herzegovina,-0.8343746281007417,-0.16177209765272615,-0.5781891904192944,-1.8874997771263522,-0.08644607640925701,-0.4301694797601294,0.25471560875192434,Medium
BLR,Belarus,0.10284735372086723,1.575473830873978,-0.6140720653160818,-2.217719786429823,-0.22613589073390677,-0.6670826240605973,-0.28929024515581664,Medium-High
BLZ,Belize,-0.8397846056227021,-0.10765473133856339,0.013706039069914983,0.44388854733592864,-0.07330908168012541,1.3212969256693776,0.49960698622570665,Low
BMU,Bermuda,0.7846180233384903,3.329388874067679,-0.338416851054177,-0.13616622093721928,-0.6735544578781574,-0.3128034350091181,-0.7163813944397881,Low
BOL,Bolivia,-0.6420080616781986,-0.0027574416527319607,-0.05311150341086763,-0.044059268358045606,0.25526447439766725,-0.3239233214784838,-0.39608324715321425,Medium
BRA,Brazil,3.499696878686604,0.20789286239731664,-0.3718726800156401,-0.6618969399658379,-0.00782560897613538,-1.0348966335003738,-0.601995369184311,High
BRB,Barbados,0.012298880716112947,1.6311830129189557,-0.49727576406447743,-1.2451418363861366,-0.2721981677639668,0.5975409118542259,0.38296640175294183,Low
BRN,Brunei Darussalam,0.23282430180872127,2.0406900216115056,0.0033321085060717495,1.0174441139435888,1.0057957444360133,0.1467973864337781,0.01582867292296448,Medium-Low
BTN,Bhutan,-0.46705858156228647,0.5204396124522425,0.022547354478098015,0.676397891893555,1.6233917706801153,0.7116060113619673,0.8197712484755079,Low
BWA,Botswana,-0.9885064596782734,-0.41033768134055154,-0.09965447151206468,0.213228028831948,-0.11678509736001227,-0.43832542877083003,-0.3646300686608248,Medium-Low
CAF,Central African Republic,-2.99352162129932,-4.496711937944986,-0.27906696607700077,-1.4248998368796197,0.032522198002897344,-1.4478587019186466,-0.5135240479354759,Low
CAN,Canada,1.1656980208209993,2.1457958525389103,0.08587194584316418,1.8116278373487902,-1.9275357355875697,0.5669969611697508,0.14899846918377568,High
CHE,Switzerland,1.4274358006935126,3.2808245638448446,-0.26534850677676985,0.5450364110633319,-0.6287118103829411,0.562000527730047,-1.0174674002763644,High
CHL,Chile,1.0247566885556263,2.8325451983782823,-0.2256572100282064,0.002490634757445713,-0.28331998358367166,-0.3369300705902866,-0.23899677629993085,Medium-High
CHN,China,30.090351574645865,-12.249047653574953,-1.3344791898258619,0.3733116771588344,-1.0817618618982279,-3.250893898861961,-1.6210838471428577,High
CIV,Cote d'Ivoire,-1.6904472754434672,-2.717309368512078,0.14473046112629478,0.7204906405829766,0.2407923368542164,-0.4470467018779113,-0.3273914022708597,Medium-High
CMR,Cameroon,-1.902401358530159,-2.9559604774187704,0.11995321668432411,0.5231842488115515,-0.3034216316120649,-0.43564986314026694,-0.5973540655950597,Medium
COD,"Congo, Dem. Rep.",-1.911021066191024,-4.874897888555701,0.25793809683057173,0.7266890389234067,-0.4690546463285395,-0.14735771916483814,-0.48147083825237896,Medium-High
COG,"Congo, Rep.",-1.9061383141089476,-2.2758747564475548,0.14733295889112186,0.572303899324161,-0.39011065335925604,-0.7268623010952941,-0.580518328761468,Medium-Low
COL,Colombia,0.6907881331360435,1.1943491027791788,0.04031246571773244,-0.006991257180396846,-0.40773574967698467,-0.060679056312299834,-0.30669312694329826,High
COM,Comoros,-2.464959031400271,-3.363948911454118,0.051156631470212904,0.11342259557824144,0.15368743462171577,-0.10997016415755563,-0.012417539031315315,Low
CPV,Cabo Verde,-0.10340155119464196,1.4535530914984895,-0.20909929569050795,-0.2733078920906199,0.8000537634209071,-0.9574490685091712,-0.045259154793873865,Low
CRI,Costa Rica,0.494763351282645,2.4695997612996847,-0.27967900925304606,-0.34582885757184084,-0.09158716038508409,-0.1569462589531414,-0.06068167404393592,Medium
CUW,Curacao,0.04199627423089782,1.872457098688927,-0.26765005759848354,-0.42518103781256683,-1.1380668982512914,-0.31364848375349236,-0.7242236613148554,Low
CYM,Cayman Islands,0.39718736124174725,2.8353412123794604,0.14568776802102898,2.3194865935110722,-2.69433568777616,-2.562230707420895,3.6203170122437056,Low
CYP,Cyprus,0.3352296087797842,2.3240104426664883,-0.19283638012778162,-0.3632832752906049,1.3483205202308646,2.863118302964524,-3.4150341844861223,Medium-Low
CZE,Czechia,0.5436598542477297,2.0578605493115654,-0.0988435235781313,0.7441507562174251,-1.0609803781714728,0.8901073225205648,-0.1250029582250195,Medium-High
DEU,Germany,3.7688920827799537,1.760015262347797,-0.5720239693928982,-0.09749591140357011,-1.2386980833627748,-1.2972297466456,-0.02282344392744581,High
DJI,Djibouti,-1.9752994016309418,-2.2551999131406166,-0.08923801598987637,-0.09973218853445225,-0.17047673015477935,-1.7525256321818241,-0.9555777162888569,Low
DMA,Dominica,-0.2223577381987358,1.1882963378977767,-0.421148826287502,-1.0825642198339018,0.848468267290059,-1.0070500301582677,0.24280259341397203,Low
DNK,Denmark,1.0925068085256484,3.2667456367847385,-0.29762840415735387,0.3111040113123352,-0.5031011710564077,0.007994235372227569,-0.3965992355848991,Medium-High
DOM,Dominican Republic,-0.10233288851881274,1.031018845719644,-0.17045699050965557,-0.047653467537698925,-0.18278249723032267,0.043503943428146126,-0.06499464188796966,Medium-High
DZA,Algeria,0.5673429614335003,1.1056378687125574,0.0470181277838014,0.47825633010343216,0.40201056172530125,0.031627569675675676,-0.35580635991842535,High
ECU,Ecuador,0.07998359158753474,1.18185319193666,-0.15092812814126158,-0.14769845622973243,0.009700245450451573,0.6092633931945466,0.09895092940598726,Medium-High
EGY,"Egypt, Arab Rep.",0.7545145746406727,-0.6706742301210574,-0.056954254294549665,0.22586214301247146,0.32660869892070116,1.497736617629534,0.6797067932664458,High
ESP,Spain,2.0148079963545227,2.3823184762403042,-0.25362286089100416,0.4330163678457979,-1.267110316415852,0.12686254782301223,-0.0576257715872606,High
EST,Estonia,0.19444623109832102,2.027210171885513,-0.27665530271404665,0.06100490721762496,-1.589647707705168,0.7168013791285236,0.27051314122530973,Medium
ETH,Ethiopia,-1.156937760738266,-4.391020566766902,0.08438596940744243,0.5851649760281947,-0.05887801338590148,1.157747102596309,0.3858531780333884,Medium-High
FIN,Finland,0.8434274168435989,2.8830742785167867,-0.3611825073144069,-0.11296194197309453,-0.25716839052848306,0.6041378132690345,-0.18303214917695665,Medium-High
FJI,Fiji,-1.1574171676559302,-0.7671392695861781,-0.3294178231287978,-0.7153591689812623,0.43685574305438013,-0.6503903954231783,-0.14161029850534265,Medium-Low
FRA,France,2.8717166729978136,2.239600288874387,-0.5306480211001106,-0.25031504301748203,-1.3663736878790356,-0.24533070781195224,-0.04236215195957561,High
FRO,Faroe Islands,0.010077574770096484,1.5607595929629479,-0.05419407303281995,0.47020748816813396,0.5142447019554495,1.6122426792154476,1.0691491245712743,Low
FSM,"Micronesia, Fed. Sts.",-2.0027791932499075,-2.5645499508131007,-0.43149509077955567,-1.1284126786192525,0.6207857019085051,0.1559947845859226,0.6614359128576307,Low
GAB,Gabon,-0.6630391776308672,0.3632018115073322,0.06217609164919417,0.31995942739186656,0.528806340564607,-1.7686341627303928,-0.9283882743028551,Medium-Low
GBR,United Kingdom,2.6037307651862482,1.9372425799299566,-0.292324853308132,0.5678255772029207,-1.2963377804983525,-0.08980166384707491,-0.7801508200561466,High
GEO,Georgia,-0.09240064826358528,1.302577644599366,-0.6225923064749028,-1.6342060506286498,-0.6365679794835984,0.1856157510585638,0.24805906599694966,Medium
GHA,Ghana,-1.4201664403309116,-2.252499495026823,-0.04068642289671425,0.21780338859775852,0.0061819083115884094,-0.597170241891304,-0.5372500425522341,Medium-High
GIN,Guinea,-2.7882021238205357,-4.38365158072005,0.08092635563624287,0.21075272035484754,-0.34787197341454007,-0.6029520789399211,-0.19922188832639828,Medium
GMB,"Gambia, The",-2.2526814423495805,-2.8476220805700483,0.06820772450035789,0.574094334029772,-0.5251389148851996,-1.4370247239088354,-0.6847515358254643,Low
GNB,Guinea-Bissau,-2.6865104696547766,-3.772993772010945,0.04277568317318129,0.08916625914139602,-0.30774870961903045,-0.7544081399813564,-0.5856453101289505,Low
GNQ,Equatorial Guinea,-2.1648399636245403,-2.6819521706594225,0.35324598403041363,1.3210614746833393,0.6587596939078729,-1.5962429720577962,-0.9282433418420903,Medium-Low
GRC,Greece,0.7958172350483962,2.724443046258718,-0.4650350234520153,-1.036449050831456,-0.20452660802672276,-0.013158800355078664,-0.0938031913798766,Medium-High
GRD,Grenada,-0.4696159083120712,0.607323979266773,-0.33127570264144185,-0.656573249419718,0.3630686498176614,0.6368487926254489,1.783512326687523,Low
GRL,Greenland,0.017351040554290518,1.6866059975103445,-0.10839646048144015,0.2669479771029813,1.4022220324930157,-1.2535981461717478,-0.36437666099168503,Low
GTM,Guatemala,-1.057296158918753,-1.0840167402325378,-0.07084010048161264,-0.014575950315154835,-0.1713594305756809,-0.058690253008051994,-0.20296064332493038,Medium-High
GUY,Guyana,-0.7999008873228863,-0.18601468365685847,-0.4288576027058607,-1.4410245017054932,0.487269354173284,1.6200884628947891,0.7256857784112078,Medium-Low
HKG,"Hong Kong SAR, China",1.1929817140318668,3.1159437670356502,-0.30024202747410783,0.7081151031500439,-4.139098066333863,-0.8248573453862647,0.8822988367825766,Medium-High
HND,Honduras,-1.069683443013593,-0.8036075537710821,0.021658643270985226,0.36473233302979463,-0.02376092973015455,-0.14166541660734205,-0.15250418470225638,Medium
HRV,Croatia,0.2533707716146015,1.913848130790494,-0.48157209698616077,-1.0060594857975238,-0.3123086169060959,0.799097932283167,0.5033358966552648,Medium
HTI,Haiti,-2.3424726550731725,-3.3336521860762534,-0.08266733651169211,-0.6649397420493335,0.31115145112268766,-1.4421013514596839,-0.6617281881792134,Medium-Low
HUN,Hungary,0.1625869030439282,1.9420674329632444,-0.5128403361229206,-1.755320613495872,0.9275688934356866,1.561169618384739,-2.4606376981308786,Medium-High
IDN,Indonesia,3.6076196370768034,-1.4284745868314508,2.8360016200664298,-0.9529005216268925,0.5914726250959504,0.6627843015285447,0.17379369026541805,High
IND,India,16.515394244741834,-9.892391269406577,-0.3688526653687532,0.04688769391612176,3.1888661548467963,5.998390456461936,1.8476950968827208,High
IRL,Ireland,0.31217857021304507,2.4404378431730147,-0.10163418135602822,0.3857469017974944,0.35484824674534227,2.909075802119763,-2.6136343070238106,Medium-High
IRN,"Iran, Islamic Rep.",2.3932509014483374,1.3068311179928027,23.40767525903226,-5.2731964886017675,-0.4823968148993786,-0.30246305901900067,0.09506245870975165,High
IRQ,Iraq,-0.04685369032835159,0.05323390670187381,0.2112377417271953,0.6627110499102465,-0.27272281517241864,0.5389437291026603,-0.5162929148112009,Medium-High
ISL,Iceland,0.816466841948076,3.325522448090957,-0.015750688089802935,1.2498263369505374,-0.45063710890956515,0.13410602844048095,-0.29483526858683917,Medium-Low
ISR,Israel,0.7952708094671257,2.6060294715806647,0.20483137435275892,2.053093124710094,-1.7922341286043886,0.8410201238506355,-0.8673277923949365,Medium-High
ITA,Italy,2.3413239747131924,2.2325294572732943,-0.5062678936345336,-0.5516535333170208,-0.676183615126288,0.23338526864572393,0.12462322183197053,High
JAM,Jamaica,-0.3157167467915733,0.8493843602275861,-0.39997090778106725,-0.9964269616285061,0.5331112555961585,0.02940106681688712,0.30612758271450163,Medium-Low
JOR,Jordan,0.5021235259918405,2.3992829709689576,0.02429621664294683,0.7798386577380898,0.48154187278851024,-0.7519765631843296,-0.5986307243837792,Medium
JPN,Japan,5.0179135924056535,2.4288347312870466,-0.7143349197522806,-0.4257855577172979,-1.8112363301668375,-2.159747961270726,0.6117571489005261,High
KAZ,Kazakhstan,-0.0013911778054385895,0.7189839679911344,-0.18459387596631222,-0.15773630685019402,-0.5823824641229287,0.6281401404348705,-0.05484568155194164,High
KEN,Kenya,-1.5566907042545353,-3.2287996779864074,-0.09585961720027733,-0.11705240828100882,0.16897746829708488,0.5383151688667965,0.22960805505668005,Medium-High
KGZ,Kyrgyz Republic,-1.0102554418260028,-0.6514675709263034,-0.10044922070513011,-0.21375960429721827,-0.12426251044127459,1.3255642548975335,0.6407043262059305,Medium-Low
KHM,Cambodia,-1.0388851965318175,-1.0348786265751873,-0.18514469447917772,-0.41492439195048963,-0.276665482851855,0.48697184701888246,0.7375018548671948,Medium
KIR,Kiribati,-1.9270480553470957,-2.1890316322750847,-0.20230631474169428,-0.408952700830765,-0.3569502936277421,-1.1793676941991162,-0.885976110285764,Low
KNA,St. Kitts and Nevis,-0.5117021820183829,0.47160348122607904,-0.566260246722251,-1.6298458148679928,0.05555432222478495,1.3186060580926808,1.1040797180728208,Low
KOR,"Korea, Rep.",2.422104764408814,2.7037692348317495,-0.14895150358769152,0.007311170652763581,-0.5551419806425699,-0.095224415279727,-0.13372224932314797,High
KWT,Kuwait,0.5593097016095318,2.4600068198657348,1.4087030221083618,6.1621559087027755,1.8800952011287169,-0.37746068638494645,-0.7822833115599275,Medium-High
LAO,Lao PDR,-2.00029193743158,-2.6524636517657165,-0.0012146448340647341,0.14589063061249682,0.005165715137805361,-0.5236878340639741,0.4470051827524951,Medium
LBN,Lebanon,0.08919876827117092,1.8222275471607845,-0.15477309891407154,-0.9170083377367791,-0.05082456281363694,-0.9982707702611189,-0.6380125406498703,Medium
LBR,Liberia,-2.659256982487855,-3.743797788447397,0.09980364976162642,0.401013242065144,-0.38753985010548436,-1.6944816322833922,-0.05121751559851243,Low
LBY,Libya,-0.5605021627882455,0.3931679838862149,0.09066681516736838,0.2236377861371916,0.36887831920686487,-0.984483481911315,-0.6736349370763813,Medium
LCA,St. Lucia,-0.6084787483608352,0.2656837711539878,-0.4210529866451103,-1.1282513957652591,0.45838071447521056,1.2245825759375495,1.3705103944561523,Low
LKA,Sri Lanka,-0.7062069404247239,-0.6385395945982563,-0.636813893871949,-1.9196880762762274,0.44298237369764154,1.0746908115907752,1.2103946872470288,Medium-High
LSO,Lesotho,-2.1991676485466267,-2.9083396160235995,-0.2249037031782033,-1.1287412424846217,0.5256298837452847,-0.5370728505766212,-0.2342921442389704,Low
LTU,Lithuania,0.11815816148909392,1.7486428933862137,-0.3455133149157911,-0.375861290431178,-1.3263383755436724,0.7861029808118867,-0.11834872963951283,Medium
LUX,Luxembourg,0.7554024846864429,3.3158731687684746,0.026601460492390896,1.3599982283923737,-0.6114097795073384,0.9644677456710794,-1.631897693158629,Medium
LVA,Latvia,0.09866874435688353,1.768470787798782,-0.5883490739994627,-1.4698682666764442,-1.0318103801105059,0.4537661568264533,-0.0002426787837096471,Medium
MAC,"Macao SAR, China",0.7819011114829434,3.2994561255454258,-0.4988708409231992,-0.7585739115100241,-1.78732832318239,-0.07431031875291978,-0.8995015313159265,Medium
MAR,Morocco,0.28526827692028794,0.991580467610579,-0.11387035153882762,0.09255125283009304,0.24364223045481712,0.6233688798393517,0.14770649806496453,Medium-High
MDA,Moldova,-0.180654731762976,1.0432165980529686,-1.1384102010982429,-4.100250233627745,0.848067947219302,-0.1416634770515913,1.0023215118096367,Medium-Low
MDG,Madagascar,-2.519466801956735,-4.253189892673018,0.11762393760723938,0.45795435765404185,-0.08936262000592844,-0.09173648609859503,-0.08345311726726376,Medium-Low
MDV,Maldives,0.21799081613472643,1.8648345866801561,0.6630425815361449,3.1985789200706423,4.194339938181646,0.30031657825272323,2.378124370627215,Medium-Low
MEX,Mexico,2.051407248017935,0.02276724692177278,-0.3356427977764405,-0.49934172917859837,-0.46575537814421947,-0.561646496192132,-0.8803318716819388,High
MHL,Marshall Islands,-0.47456173818540404,0.5747568663402891,-0.8217806966853671,-2.782524684212115,2.7816967076489827,-2.8501000158195486,0.07511382265824428,Low
MKD,North Macedonia,-0.26033590259286754,1.0360113664082324,-0.4633991684999739,-1.2496494217390501,0.12752598463390608,-0.1314213301279362,0.26085085320807694,Medium-Low
MLI,Mali,-2.8991442306393975,-4.865614884256768,0.24152005204119276,0.8493857604453675,-0.12516619610857996,-0.19052792841853333,-0.23684651200778925,Medium
MLT,Malta,0.3158156456317057,2.589068131643359,0.7244619432706249,4.547711532512243,-3.762135097083373,-2.0782057889928405,4.713478588648511,Medium-Low
MMR,Myanmar,-1.1044245471653829,-2.2071507732104796,-0.21202743541734362,-1.1210529143431174,0.8378214028532041,0.49175218919858366,0.870227640813999,Medium-High
MNE,Montenegro,-0.3619937444798183,0.9100237165251491,-0.4656058968947821,-1.015934920943371,-0.4807118254189787,-0.23321639391575755,0.1550772524306572,Medium-Low
MNG,Mongolia,-0.9680909510582288,-0.3430294495934164,-0.08374876084482658,0.05313586376843667,-0.11380561942249273,-1.045621942324889,-0.10905745824163385,Medium
MOZ,Mozambique,-2.4426065721978096,-4.12481684184892,0.0766442269537596,0.5053983292608715,-1.1100601482301762,-0.09746509275144007,0.12050542108178673,Medium-Low
MRT,Mauritania,-1.6107007880113506,-1.6516337787792708,0.1354866336233403,0.709812760302749,-0.8781009510741937,-0.25668510601518,-0.4358136872122631,Medium-Low
MUS,Mauritius,-0.10329619543018416,1.214034499491886,-0.6247981400702165,-1.6868189671940927,1.1361594016359098,0.5822474614517757,1.439261209017876,Medium-Low
MWI,Malawi,-2.5528050565783578,-4.10672519363612,-0.0022674130509050846,0.16488487630186732,-0.7025454369954559,0.8722759809532189,0.22387070510107304,Medium-Low
MYS,Malaysia,0.705234878551963,1.377215340368541,0.00044853061501246396,0.9604673469878132,0.6699724809274253,-0.3082475876075825,-0.19572662729577553,High
NAM,Namibia,-1.6891566487293077,-1.7959447563885962,-0.014505659595474412,0.4978974361482207,-1.084973384903595,-0.17656914785151642,0.4958258727354081,Medium-Low
NER,Niger,-2.8147132008765015,-4.787654446741823,0.2556038787696458,1.109748417990437,-0.1874486953603075,0.5994316490456327,0.43097774282136864,Medium-Low
NGA,Nigeria,0.165119296551234,-5.1857748574984495,0.08861645722731915,0.013559397430144279,0.966315680955825,-1.160797413653071,-0.8982269902358285,High
NIC,Nicaragua,-0.9337732888665158,-0.38825379844798696,-0.10336084571921243,-0.13026023992445818,-0.4436724401443789,-0.028439849236384544,0.08292089478596247,Medium
NLD,Netherlands,0.4866782004995906,3.7405556859885487,-0.35114922629134165,-1.3572491040524945,3.3192323224532467,1.9457082591179926,-6.02254213508315,High
NOR,Norway,1.09095370135685,3.0858604595819417,-0.15035210747004857,0.869837361828184,-0.5903628925801998,0.41613772504202023,-0.2398236501472253,Medium-High
NPL,Nepal,-0.803700655746362,-0.7938557528016101,-0.4504633676709356,-1.5257936766272315,0.11497665752766266,-0.9296731326241747,-0.43251978392195634,Medium
NRU,Nauru,-0.5751238958522574,0.5331635327511981,-0.07156581012170384,-0.055627229590896526,0.717540941767413,-1.7057025646097073,-1.0156986991664605,Low
NZL,New Zealand,0.6117894910873612,2.773910373789786,0.04850008426096819,1.4509514981963365,-1.3010507959937587,1.0644348172155538,-0.5943001594900428,Medium-High
OMN,Oman,-0.1975725704795283,1.029206132630617,1.8403927290258357,8.059304694199202,0.5382885005002679,1.4673083154632034,0.24343707410083257,Medium-High
PAK,Pakistan,1.2128679214458737,-3.144630491652844,-0.0404575221033323,0.06991323174390311,0.953072890503137,1.3082651051154979,0.5391631457542967,High
PAN,Panama,0.13169536547062413,1.7411328357468385,-0.059072860695297505,0.36131759029245397,-0.3437518450455768,0.8234001037620468,0.15579635927190372,Medium-High
PER,Peru,0.5124342239099415,1.493797666923338,-0.14397869764574925,-0.10882976291910966,0.04942860885335898,-0.5893490434444972,-0.6449716563735367,Medium-High
PHL,Philippines,0.40687447513254105,-1.2625830254985564,-0.2626403995455083,-0.4183038284192762,0.40797494889937586,0.0947231324836506,0.10884848770365653,High
PLW,Palau,-0.12867077995266685,1.423081252860504,-0.020094843833285993,0.6609029508237325,1.374865221901274,-1.6453277391089491,1.5214834171676161,Low
PNG,Papua New Guinea,-2.4040554469930155,-3.657188670075824,0.08344321277657288,0.44655458924287944,0.6319151595851696,0.65326435248481,0.5968175333804232,Medium-Low
POL,Poland,1.0471914324038354,1.708972788522413,-0.5590453123918437,-1.2225626083729393,-0.17270485772589791,0.41138057860449034,0.576543979372554,High
PRI,Puerto Rico (US),0.6394322993244694,2.856184342847298,-0.5440423258793684,-1.5163696298788814,-0.60358100821921,-0.7013362682437221,-0.6582202002503764,Medium
PRT,Portugal,0.5495246212177163,2.1633921932632063,-0.30965589906027463,-0.08638182114817775,-1.3894861207433835,1.4174289580468027,0.20454953527560754,Medium-High
PRY,Paraguay,-0.5606282154115099,0.30403780084773685,-0.053596817037755706,-0.04202635401818908,0.2431179009155397,-0.45263298469331975,-0.3871821738432316,Medium
PSE,West Bank and Gaza,-0.938377909745735,-0.24212911671721657,0.11038350239167344,0.31052360319981936,-0.16172651266360827,-0.9143191739347651,-1.1006359104923304,Medium-Low
QAT,Qatar,1.6258886313541847,4.289437511223793,1.1198403920820545,5.364950294430703,8.108922997470426,-2.8167345080420216,0.9013205235216727,Medium-High
ROU,Romania,0.28032868206223666,1.2395713997371491,-0.46255078423916923,-1.1945138681726333,-0.08060929373034606,0.8102762650943293,0.5835206615402558,High
RUS,Russian Federation,2.5689132129788548,0.1345986626402257,-0.6611628451531038,-1.9936425780403828,-0.6144558819702165,-0.45450640971603373,-0.6219948994478831,High
RWA,Rwanda,-2.1441654671041777,-3.1206179788145216,-0.021870793684528444,0.44423657199534505,-0.7640034955115764,0.6136168924132016,-0.0521823138281498,Medium-Low
SAU,Saudi Arabia,1.2841675009092492,1.2545174642736743,1.2274103853827862,5.947316853720495,1.4208430108693741,0.10271744798301449,-0.3715798547413889,High
SDN,Sudan,-1.1508382551138254,-2.0807229302288013,-0.10669725940961967,-0.7490347991024866,0.49813591098568294,0.6583756449352653,0.6099344014233701,Medium
SEN,Senegal,-1.4658767582462953,-1.8001454877741907,0.14628421873551944,1.0847473755348898,-0.17982066311848274,-0.6813146803897262,0.2053828621437076,Medium
SGP,Singapore,1.0001057824066755,2.9413178836255605,0.4678268966679735,3.637019360026647,-2.035359703396808,-0.39811861470764465,0.10400834101622936,High
SLB,Solomon Islands,-2.2105638667249736,-2.8665694992392456,0.20404466594901013,1.0682223727790752,-0.08908601888574204,0.3678235534185939,0.3040092145382981,Low
SLE,Sierra Leone,-2.7249383725822667,-4.035689264178963,0.05696620789047546,0.19409863786418535,-0.08784394789571415,-0.9483057170026788,-0.4390111432832742,Medium-Low
SLV,El Salvador,-0.20386018468055958,1.0872881058917876,-0.44835962241785376,-1.2844433804994988,-0.32191863203474935,-0.34894063137675974,-0.4033866880701358,Medium
SMR,San Marino,1.067129003272981,3.884494647954396,-0.2903686958667346,0.05804270694503513,-0.6029258813412852,0.11358140979584723,-0.7421791720020622,Low
SOM,"Somalia, Fed. Rep.",-2.8807531710028638,-4.551380380628284,0.2737045437012122,0.7076532198057469,-0.29045773647398115,-1.3115535026363063,-0.7323989728285332,Medium-Low
SRB,Serbia,-0.040427606610147514,1.2899658726251735,-0.6185163646219276,-1.7888753474001726,-0.1670851617489142,-0.09746590586423654,0.38955778346978076,Medium-High
STP,Sao Tome and Principe,-1.9411285274057883,-2.159537520355698,0.030829195927756334,0.359331793085243,-0.39927807522981285,-1.0347845969941147,-1.2693384516536534,Low
SUR,Suriname,-0.42821224487512527,0.7967750973359251,-0.10132871842137632,-0.22650824307771272,0.14787368139346146,0.342292819843959,-0.08156801847065973,Medium-Low
SVK,Slovak Republic,0.1993780656823923,1.6887503159055286,-0.46395759105855355,-1.1186053955287445,0.10015661893089699,0.9012769795494376,0.5302394267831646,Medium-High
SVN,Slovenia,0.46665033490494345,2.3808676080886575,-0.2953394192013252,-0.10415064555458411,0.1035000208083042,1.1493588735669769,0.6219352723141914,Medium
SWE,Sweden,1.4087258660260447,3.3847620411682118,-0.3005995403753274,0.2927207749781397,-0.29287326312094947,-0.41839030458757515,-0.003389063948929688,High
SWZ,Eswatini,-1.9045011419957727,-2.3559716626358194,-0.2547122434813922,-1.0194582191045556,0.4420811417667078,0.509199336140178,0.5996954862132974,Medium-Low
SXM,Sint Maarten (Dutch part),0.10567551517432996,1.974935157420695,-0.0930650575946879,0.22604828917227215,-0.8696175478521975,-0.6394055242513712,-1.0926624586083737,Low
SYC,Seychelles,-0.05079542992411854,1.3813684092463778,-0.014461926113904384,0.7140017496487474,2.2086968377106646,0.2719401995034727,1.7581969284125991,Low
SYR,Syrian Arab Republic,-0.9661782378395101,-0.7409679265637871,0.6878996047387181,2.5933512123973523,-1.8653906650752106,1.420021983148461,-0.9302794751815836,Medium
TCA,Turks and Caicos Islands,0.32585694138902227,2.4104674126012497,-0.22188385514211645,-0.33363162558994547,0.44245180512311794,-1.1232660777180128,-0.7407607994532104,Low
TCD,Chad,-3.414948823376397,-5.751128426032816,0.5025467058688208,1.6049942175631682,-0.7224753101296195,0.32316985991196356,-0.2692168405563618,Medium-Low
TGO,Togo,-2.4246393011188623,-3.506542521990927,0.08134825610839762,0.45523165683088906,0.04558063464699505,-0.4600772131439306,-0.4106724966118415,Medium-Low
THA,Thailand,1.0307628516756373,0.7778213724808385,-0.4787075727822617,-1.1674328301813184,0.29263902364257105,-0.0883717649308547,0.15431369663316383,High
TJK,Tajikistan,-0.9991258778049845,-0.7539923393225989,-0.10784814904025643,-0.24143344227180585,-0.23244088532052767,1.8346888280117235,0.8723773470440668,Medium-Low
TKM,Turkmenistan,-0.8565936812904296,-0.3479673729994876,-0.05931664635596562,-0.22807806888589766,-0.2943892117030047,0.9583484973732015,0.39076714383698025,Medium
TLS,Timor-Leste,-2.0572562552097016,-2.623769891851282,-0.1731887594351166,-0.4532842816928865,0.4858856508729619,-0.05536301660261864,0.7606835026018575,Low
TON,Tonga,-0.6617206743478135,0.12373204166713951,-0.7120811951787972,-2.354329653725089,0.28368183881787445,1.4573780565011696,1.3217170382776708,Low
TTO,Trinidad and Tobago,-0.19502819588550566,1.0302400241865874,-0.37730124981166946,-1.0409198152475818,0.5320318404606901,0.7163755577076355,0.14524001275004014,Medium-Low
TUN,Tunisia,0.13015634275993934,1.543325835829367,-0.21867878705075572,-0.40792450268087577,0.045936263418128655,0.2188758569807831,-0.05372278702799434,Medium
TUR,Turkiye,1.7826779106461519,1.2553802379351964,-0.20373506022074467,-0.050219128967047076,-0.1355952994086605,-0.5559936875405636,-0.6888761826057945,High
TUV,Tuvalu,-0.6091277111389685,0.25107774130012156,-0.5679121610743604,-2.035739121527662,2.2689532387424403,-1.639194503276161,0.28883403366735616,Low
TZA,Tanzania,-1.7421061691487263,-3.7279218888104144,0.15632948019913004,0.7880314314560597,-0.5800459326890202,0.5376836408239403,-0.21476511184753821,Medium-High
UGA,Uganda,-2.0705788249577215,-3.8582306379586644,0.16933422987788746,0.8598819247863365,-0.728031911132785,0.4462755647249693,0.04206733052205502,Medium
UKR,Ukraine,1.4389315116764618,3.0426824295194517,-2.0426201226170617,-7.518946398605777,3.2978376519788584,-2.733980673125145,1.4472561822985661,Medium-High
URY,Uruguay,0.6341775482384918,2.872231148421909,-0.4454985929637046,-0.9047422520238098,-0.06933225836019305,-0.33873940199155994,-1.1749755449735404,Medium
USA,United States,5.310216672273473,0.08200078143361605,-0.32611063060787615,0.8491513737300009,-2.0438950610437856,-1.269989817865128,3.213884225592207,High
UZB,Uzbekistan,-0.38440755672019167,-0.3540533933791813,0.2371993576969223,0.48713812573763393,-0.09015605738375146,0.9359480531633307,0.2581383899795804,Medium-High
VCT,St. Vincent and the Grenadines,-0.39247927418102296,0.7346602008311385,-0.4148572447327733,-1.1222244983702503,1.3105653556921557,-0.025619468840058755,1.1603503443352412,Low
VNM,Viet Nam,1.0095884137371685,-0.10904850085060876,1.1355604088175704,-1.0364862211982089,0.08387563829317517,1.471375004860195,0.8867372053489894,High
VUT,Vanuatu,-1.9106142460354416,-2.368194944133664,0.015492492388392027,0.42318520493395734,-0.056402149530017674,1.0639559075743066,0.5753833688250005,Low
WSM,Samoa,-1.3493989138532647,-1.2904178227246792,-0.35951289150901283,-0.723221172550655,0.7005375136803788,1.1089731895985309,1.1283756136736403,Low
XKX,Kosovo,0.5454771131922834,2.4725706848110205,-1.208638678378271,-4.189520352920476,2.583389219026709,-1.2726094640247225,1.7228817138016146,Medium-Low
ZAF,South Africa,-0.19487923667417018,-0.8090270404686505,-0.2237968493257444,-0.5592462191099715,-0.15806686485974442,0.06207957248896618,-0.3253643401035905,High
ZMB,Zambia,-2.209033111902473,-3.3170806619896247,0.10348107530827914,0.6448807730349368,-0.6456307388870447,-0.1371262256048412,-0.47658243552900875,Medium
ZWE,Zimbabwe,-2.0907457798388114,-3.0599958962284792,-0.2116749904847196,-0.9217084424143693,-0.4039328403110522,-0.04721297411858739,-0.13713258469400602,Medium
